key	command	exit	ran
fsmonitor	git status	0	fsmonitor
fsmonitor	git status --porcelain	0	fsmonitor
fsmonitor	git diff	0	fsmonitor
fsmonitor	git diff --no-ext-diff --no-textconv	0	fsmonitor
fsmonitor	git log -p -1	0	no
fsmonitor	git log --oneline -1	0	no
fsmonitor	git show HEAD	0	no
fsmonitor	git blame notes.txt	0	fsmonitor
fsmonitor	git ls-files	0	fsmonitor
fsmonitor	git rev-parse HEAD	0	no
fsmonitor	git add -A	0	fsmonitor
fsmonitor	git commit -qam wip	0	fsmonitor
fsmonitor	git stash	0	fsmonitor
fsmonitor	git checkout -- notes.txt	0	fsmonitor
fsmonitor	git fetch origin	128	fsmonitor
filter-clean	git status	0	no
filter-clean	git status --porcelain	0	no
filter-clean	git diff	0	filter-clean
filter-clean	git diff --no-ext-diff --no-textconv	0	filter-clean
filter-clean	git log -p -1	0	no
filter-clean	git log --oneline -1	0	no
filter-clean	git show HEAD	0	no
filter-clean	git blame notes.txt	0	filter-clean
filter-clean	git ls-files	0	no
filter-clean	git rev-parse HEAD	0	no
filter-clean	git add -A	0	filter-clean
filter-clean	git commit -qam wip	0	filter-clean
filter-clean	git stash	0	filter-clean
filter-clean	git checkout -- notes.txt	0	no
filter-clean	git fetch origin	128	no
filter-smudge	git status	0	no
filter-smudge	git status --porcelain	0	no
filter-smudge	git diff	0	no
filter-smudge	git diff --no-ext-diff --no-textconv	0	no
filter-smudge	git log -p -1	0	no
filter-smudge	git log --oneline -1	0	no
filter-smudge	git show HEAD	0	no
filter-smudge	git blame notes.txt	0	no
filter-smudge	git ls-files	0	no
filter-smudge	git rev-parse HEAD	0	no
filter-smudge	git add -A	0	no
filter-smudge	git commit -qam wip	0	no
filter-smudge	git stash	0	filter-smudge
filter-smudge	git checkout -- notes.txt	0	filter-smudge
filter-smudge	git fetch origin	128	no
filter-process	git status	0	no
filter-process	git status --porcelain	0	no
filter-process	git diff	0	filter-process
filter-process	git diff --no-ext-diff --no-textconv	0	filter-process
filter-process	git log -p -1	0	no
filter-process	git log --oneline -1	0	no
filter-process	git show HEAD	0	no
filter-process	git blame notes.txt	0	filter-process
filter-process	git ls-files	0	no
filter-process	git rev-parse HEAD	0	no
filter-process	git add -A	0	filter-process
filter-process	git commit -qam wip	0	filter-process
filter-process	git stash	0	filter-process
filter-process	git checkout -- notes.txt	0	filter-process
filter-process	git fetch origin	128	no
textconv	git status	0	no
textconv	git status --porcelain	0	no
textconv	git diff	0	textconv
textconv	git diff --no-ext-diff --no-textconv	0	no
textconv	git log -p -1	0	textconv
textconv	git log --oneline -1	0	no
textconv	git show HEAD	0	textconv
textconv	git blame notes.txt	0	textconv
textconv	git ls-files	0	no
textconv	git rev-parse HEAD	0	no
textconv	git add -A	0	no
textconv	git commit -qam wip	0	no
textconv	git stash	0	no
textconv	git checkout -- notes.txt	0	no
textconv	git fetch origin	128	no
diff-external	git status	0	no
diff-external	git status --porcelain	0	no
diff-external	git diff	0	diff-external
diff-external	git diff --no-ext-diff --no-textconv	0	no
diff-external	git log -p -1	0	no
diff-external	git log --oneline -1	0	no
diff-external	git show HEAD	0	no
diff-external	git blame notes.txt	0	no
diff-external	git ls-files	0	no
diff-external	git rev-parse HEAD	0	no
diff-external	git add -A	0	no
diff-external	git commit -qam wip	0	no
diff-external	git stash	0	no
diff-external	git checkout -- notes.txt	0	no
diff-external	git fetch origin	128	no
hooksPath	git status	0	hook:post-index-change
hooksPath	git status --porcelain	0	hook:post-index-change
hooksPath	git diff	0	no
hooksPath	git diff --no-ext-diff --no-textconv	0	no
hooksPath	git log -p -1	0	no
hooksPath	git log --oneline -1	0	no
hooksPath	git show HEAD	0	no
hooksPath	git blame notes.txt	0	no
hooksPath	git ls-files	0	no
hooksPath	git rev-parse HEAD	0	no
hooksPath	git add -A	0	hook:post-index-change
hooksPath	git commit -qam wip	0	hook:post-commit,hook:post-index-change,hook:pre-commit,hook:reference-transaction
hooksPath	git stash	0	hook:post-index-change,hook:reference-transaction
hooksPath	git checkout -- notes.txt	0	hook:post-checkout,hook:post-index-change
hooksPath	git fetch origin	128	no
hooksDir	git status	0	hook:post-index-change
hooksDir	git status --porcelain	0	hook:post-index-change
hooksDir	git diff	0	no
hooksDir	git diff --no-ext-diff --no-textconv	0	no
hooksDir	git log -p -1	0	no
hooksDir	git log --oneline -1	0	no
hooksDir	git show HEAD	0	no
hooksDir	git blame notes.txt	0	no
hooksDir	git ls-files	0	no
hooksDir	git rev-parse HEAD	0	no
hooksDir	git add -A	0	hook:post-index-change
hooksDir	git commit -qam wip	0	hook:post-commit,hook:post-index-change,hook:pre-commit,hook:reference-transaction
hooksDir	git stash	0	hook:post-index-change,hook:reference-transaction
hooksDir	git checkout -- notes.txt	0	hook:post-checkout,hook:post-index-change
hooksDir	git fetch origin	128	no
configHook	git status	0	hook:config
configHook	git status --porcelain	0	hook:config
configHook	git diff	0	no
configHook	git diff --no-ext-diff --no-textconv	0	no
configHook	git log -p -1	0	no
configHook	git log --oneline -1	0	no
configHook	git show HEAD	0	no
configHook	git blame notes.txt	0	no
configHook	git ls-files	0	no
configHook	git rev-parse HEAD	0	no
configHook	git add -A	0	hook:config
configHook	git commit -qam wip	0	hook:config
configHook	git stash	0	hook:config
configHook	git checkout -- notes.txt	0	hook:config
configHook	git fetch origin	128	no
sshCommand	git status	0	no
sshCommand	git status --porcelain	0	no
sshCommand	git diff	0	no
sshCommand	git diff --no-ext-diff --no-textconv	0	no
sshCommand	git log -p -1	0	no
sshCommand	git log --oneline -1	0	no
sshCommand	git show HEAD	0	no
sshCommand	git blame notes.txt	0	no
sshCommand	git ls-files	0	no
sshCommand	git rev-parse HEAD	0	no
sshCommand	git add -A	0	no
sshCommand	git commit -qam wip	0	no
sshCommand	git stash	0	no
sshCommand	git checkout -- notes.txt	0	no
sshCommand	git fetch origin	128	ssh
pager	git status	0	no
pager	git status --porcelain	0	no
pager	git diff	0	no
pager	git diff --no-ext-diff --no-textconv	0	no
pager	git log -p -1	0	no
pager	git log --oneline -1	0	no
pager	git show HEAD	0	no
pager	git blame notes.txt	0	no
pager	git ls-files	0	no
pager	git rev-parse HEAD	0	no
pager	git add -A	0	no
pager	git commit -qam wip	0	no
pager	git stash	0	no
pager	git checkout -- notes.txt	0	no
pager	git fetch origin	128	no
